COUNTRY,ISO3,WHO_REGION,DATA_SOURCE,DATE_UPDATED,TOTAL_VACCINATIONS,PERSONS_VACCINATED_1PLUS_DOSE,TOTAL_VACCINATIONS_PER100,PERSONS_VACCINATED_1PLUS_DOSE_PER100,PERSONS_FULLY_VACCINATED,PERSONS_FULLY_VACCINATED_PER100,VACCINES_USED,FIRST_VACCINE_DATE,NUMBER_VACCINES_TYPES_USED,PERSONS_BOOSTER_ADD_DOSE,PERSONS_BOOSTER_ADD_DOSE_PER100
Afghanistan,AFG,EMRO,REPORTING,01/06/2022,6171652,5456919,15.854,14.018,4807917,12.351,"AstraZeneca - Vaxzevria,Beijing CNBG - BBIBP-CorV,Bharat - Covaxin,CanSino - Convidecia,Gamaleya - Gam-Covid-Vac,Gamaleya - Sputnik-Light,Janssen - Ad26.COV 2-S,Moderna - Spikevax,Pfizer BioNTech - Comirnaty,SII - Covishield,Sinovac - CoronaVac",22/02/2021,11,,
Albania,ALB,EURO,REPORTING,29/05/2022,2873654,1320244,99.9,46.39,1241712,43.631,"AstraZeneca - Vaxzevria,Gamaleya - Gam-Covid-Vac,Pfizer BioNTech - Comirnaty,SII - Covishield,Sinovac - CoronaVac",13/01/2021,5,310249,10.901
Algeria,DZA,AFRO,REPORTING,05/06/2022,15205854,7840131,34.676,17.879,6481186,14.78,"Beijing CNBG - BBIBP-CorV,Gamaleya - Gam-Covid-Vac,SII - Covishield,Sinovac - CoronaVac",30/01/2021,4,514063,1.172
American Samoa,ASM,WPRO,REPORTING,05/06/2022,108220,44456,196.061,80.541,40945,74.18,"Janssen - Ad26.COV 2-S,Moderna - Spikevax,Pfizer BioNTech - Comirnaty",21/12/2020,3,22893,41.475
Andorra,AND,EURO,REPORTING,29/05/2022,153072,57880,198.1,75.981,53450,70.166,"AstraZeneca - Vaxzevria,Moderna - Spikevax,Pfizer BioNTech - Comirnaty",20/01/2021,3,41742,54.796
Angola,AGO,AFRO,REPORTING,05/06/2022,19486927,12700926,59.292,38.644,6811268,20.724,SII - Covishield,10/03/2021,1,512820,1.56
Anguilla,AIA,AMRO,REPORTING,03/06/2022,23601,10746,157.319,71.63,10054,67.018,"AstraZeneca - Vaxzevria,Pfizer BioNTech - Comirnaty",05/02/2021,2,2801,18.671
Antigua and Barbuda,ATG,AMRO,REPORTING,03/06/2022,135715,63995,138.585,65.348,61882,63.191,"AstraZeneca - Vaxzevria,Beijing CNBG - BBIBP-CorV,Gamaleya - Gam-Covid-Vac,Janssen - Ad26.COV 2-S,Pfizer BioNTech - Comirnaty,SII - Covishield",01/03/2021,6,9838,10.046
Argentina,ARG,AMRO,REPORTING,03/06/2022,102986910,41110433,227.868,90.961,37483237,82.935,"AstraZeneca - Vaxzevria,Beijing CNBG - BBIBP-CorV,CanSino - Convidecia,Gamaleya - Gam-Covid-Vac,Moderna - Spikevax,Pfizer BioNTech - Comirnaty,SII - Covishield",29/12/2020,7,24708535,54.67
Armenia,ARM,EURO,REPORTING,22/05/2022,2150112,1129669,72.6,38.123,985807,33.268,"AstraZeneca - Vaxzevria,Beijing CNBG - BBIBP-CorV,Gamaleya - Gam-Covid-Vac,Gamaleya - Sputnik-Light,Moderna - Spikevax,Pfizer BioNTech - Comirnaty,Sinovac - CoronaVac,Wuhan CNBG - Inactivated",16/06/2021,8,40725,1.374
Aruba,ABW,AMRO,REPORTING,03/06/2022,171243,88853,160.391,83.222,82390,77.169,"Janssen - Ad26.COV 2-S,Pfizer BioNTech - Comirnaty",17/02/2021,2,,
Australia,AUS,WPRO,REPORTING,05/06/2022,59172637,22318568,232.051,87.524,21612293,84.754,"AstraZeneca - Vaxzevria,Janssen - Ad26.COV 2-S,Moderna - Spikevax,Novavax-NUVAXOVID,Pfizer BioNTech - Comirnaty",21/02/2021,5,13698525,53.72
Austria,AUT,EURO,REPORTING,29/05/2022,18360721,6828403,206.3,76.714,6618435,74.356,"AstraZeneca - Vaxzevria,Janssen - Ad26.COV 2-S,Moderna - Spikevax,Novavax-NUVAXOVID,Pfizer BioNTech - Comirnaty,Unknown Vaccine",30/12/2020,6,5265109,59.151
Azerbaijan,AZE,EURO,REPORTING,29/05/2022,13594097,5372656,134.1,52.989,4853656,47.87,"AstraZeneca - Vaxzevria,Gamaleya - Gam-Covid-Vac,Gamaleya - Sputnik-Light,Pfizer BioNTech - Comirnaty,Sinovac - CoronaVac",20/01/2021,5,3367787,33.216
Bahamas,BHS,AMRO,REPORTING,03/06/2022,340866,166471,86.681,42.333,157964,40.169,"AstraZeneca - Vaxzevria,Janssen - Ad26.COV 2-S,Pfizer BioNTech - Comirnaty,SII - Covishield",14/03/2021,4,27866,7.086
Bahrain,BHR,EMRO,REPORTING,01/06/2022,3444799,1236895,202.448,72.691,1220655,71.737,"AstraZeneca - Vaxzevria,Beijing CNBG - BBIBP-CorV,Bharat - Covaxin,CanSino - Convidecia,Gamaleya - Gam-Covid-Vac,Gamaleya - Sputnik-Light,Janssen - Ad26.COV 2-S,Moderna - Spikevax,Pfizer BioNTech - Comirnaty,SII - Covishield,Sinovac - CoronaVac",04/11/2020,11,987249,58.02
Bangladesh,BGD,SEARO,REPORTING,07/06/2022,269401356,129092630,163.581,78.386,118088249,71.704,"AstraZeneca - Vaxzevria,Beijing CNBG - BBIBP-CorV,Gamaleya - Gam-Covid-Vac,Janssen - Ad26.COV 2-S,Moderna - Spikevax,Pfizer BioNTech - Comirnaty,SII - Covishield,Sinovac - CoronaVac",27/01/2021,8,22220477,13.492
Barbados,BRB,AMRO,REPORTING,03/06/2022,363262,162385,126.407,56.506,152808,53.174,"AstraZeneca - Vaxzevria,Beijing CNBG - BBIBP-CorV,Janssen - Ad26.COV 2-S,Pfizer BioNTech - Comirnaty,SII - Covishield",08/01/2021,5,48069,16.727
Belarus,BLR,EURO,REPORTING,29/05/2022,13054679,6388371,138.2,67.607,6237709,66.012,"Beijing CNBG - BBIBP-CorV,Chumakov - Covi-Vac,Gamaleya - Gam-Covid-Vac,Gamaleya - Sputnik-Light",03/02/2021,4,726983,7.693
Belgium,BEL,EURO,REPORTING,29/05/2022,25357830,9234117,220.1,80.14,9136723,79.295,"AstraZeneca - Vaxzevria,Janssen - Ad26.COV 2-S,Moderna - Spikevax,Pfizer BioNTech - Comirnaty",30/12/2020,4,7148875,62.043
Belize,BLZ,AMRO,REPORTING,03/06/2022,478096,237860,120.237,59.82,212057,53.33,"AstraZeneca - Vaxzevria,Beijing CNBG - BBIBP-CorV,Janssen - Ad26.COV 2-S,Pfizer BioNTech - Comirnaty,SII - Covishield",01/03/2021,5,49359,12.413
Benin,BEN,AFRO,REPORTING,05/06/2022,4156907,3638324,34.289,30.011,2690085,22.19,"AstraZeneca - Vaxzevria,Janssen - Ad26.COV 2-S,Pfizer BioNTech - Comirnaty,SII - Covishield,Sinovac - CoronaVac",29/03/2021,5,,
Bermuda,BMU,AMRO,REPORTING,03/06/2022,131612,48554,211.347,77.97,47657,76.529,"AstraZeneca - Vaxzevria,Pfizer BioNTech - Comirnaty",11/01/2021,2,31821,51.099
Bhutan,BTN,SEARO,REPORTING,05/06/2022,1909762,692874,247.504,89.796,672508,87.157,"AstraZeneca - Vaxzevria,Beijing CNBG - BBIBP-CorV,Moderna - Spikevax,Pfizer BioNTech - Comirnaty,SII - Covishield",27/03/2021,5,544380,70.551
Bolivia (Plurinational State of),BOL,AMRO,REPORTING,03/06/2022,13939699,7213127,119.418,61.793,5980603,51.234,"Beijing CNBG - BBIBP-CorV,Gamaleya - Gam-Covid-Vac,Janssen - Ad26.COV 2-S,Moderna - Spikevax,Pfizer BioNTech - Comirnaty,SII - Covishield",30/01/2021,6,1557225,13.34
Bonaire,XAA,AMRO,REPORTING,03/06/2022,41250,17523,197.227,83.782,15841,75.74,,,,7886,37.705
"Bonaire, Sint Eustatius and Saba",BES,AMRO,REPORTING,09/04/2021,7391,5726,28.441,22.034,2965,11.41,"Moderna - Spikevax,Pfizer BioNTech - Comirnaty",22/02/2021,2,,
Bosnia and Herzegovina,BIH,EURO,REPORTING,29/01/2022,1924950,943394,58.7,28.755,846080,25.789,"AstraZeneca - AZD1222, Pfizer BioNTech - Comirnaty, Sinovac - CoronaVac, Gamaleya - Sputnik V",,4,,
Botswana,BWA,AFRO,REPORTING,05/06/2022,2727844,1695294,115.998,72.09,1510940,64.251,"Bharat - Covaxin,Janssen - Ad26.COV 2-S,Moderna - Spikevax,Pfizer BioNTech - Comirnaty,SII - Covishield,Sinovac - CoronaVac",26/03/2021,6,373727,15.892
Brazil,BRA,AMRO,REPORTING,03/06/2022,433872497,181071481,204.118,85.186,163459745,76.901,"AstraZeneca - Vaxzevria,Janssen - Ad26.COV 2-S,Pfizer BioNTech - Comirnaty,SII - Covishield,Sinovac - CoronaVac",17/01/2021,5,89706344,42.203
British Virgin Islands,VGB,AMRO,REPORTING,03/06/2022,41104,19348,135.939,63.988,18030,59.629,"AstraZeneca - Vaxzevria,Janssen - Ad26.COV 2-S",11/02/2021,2,3726,12.323
Brunei Darussalam,BRN,WPRO,REPORTING,05/06/2022,1173118,444293,268.154,101.558,426764,97.551,"AstraZeneca - Vaxzevria,Beijing CNBG - BBIBP-CorV,Janssen - Ad26.COV 2-S,Moderna - Spikevax,Pfizer BioNTech - Comirnaty",03/04/2021,5,301719,68.968
Bulgaria,BGR,EURO,REPORTING,29/05/2022,4398844,2090328,63.3,30.07,2061151,29.651,"AstraZeneca - Vaxzevria,Janssen - Ad26.COV 2-S,Moderna - Spikevax,Pfizer BioNTech - Comirnaty",30/12/2020,4,754328,10.851
Burkina Faso,BFA,AFRO,REPORTING,05/06/2022,2947562,2449746,14.101,11.719,1555077,7.439,"Beijing CNBG - BBIBP-CorV,Janssen - Ad26.COV 2-S,SII - Covishield",02/06/2021,3,,
Burundi,BDI,AFRO,REPORTING,05/06/2022,16232,14388,0.137,0.121,13811,0.116,Beijing CNBG - BBIBP-CorV,18/10/2021,1,,
Cabo Verde,CPV,AFRO,REPORTING,05/06/2022,762486,355232,137.141,63.892,307398,55.289,"Beijing CNBG - BBIBP-CorV,Moderna - Spikevax,Pfizer BioNTech - Comirnaty,SII - Covishield",18/03/2021,4,142,0.026
Cambodia,KHM,WPRO,REPORTING,05/06/2022,40160051,15045995,240.207,89.994,14328268,85.701,"AstraZeneca - Vaxzevria,Beijing CNBG - BBIBP-CorV,Janssen - Ad26.COV 2-S,Moderna - Spikevax,Pfizer BioNTech - Comirnaty,SII - Covishield,Sinovac - CoronaVac",10/02/2021,7,9259661,55.384
Cameroon,CMR,AFRO,REPORTING,05/06/2022,1837626,1558744,6.922,5.872,1215532,4.579,"Beijing CNBG - BBIBP-CorV,Janssen - Ad26.COV 2-S,Pfizer BioNTech - Comirnaty,SII - Covishield",12/04/2021,4,52011,0.196
Canada,CAN,AMRO,REPORTING,03/06/2022,84847129,32562746,224.807,86.277,31250512,82.8,"AstraZeneca - Vaxzevria,Janssen - Ad26.COV 2-S,Moderna - Spikevax,Pfizer BioNTech - Comirnaty,SII - Covishield",14/12/2020,5,18705522,49.561
Cayman Islands,CYM,AMRO,REPORTING,03/06/2022,144978,61119,220.6,92.999,59292,90.219,Pfizer BioNTech - Comirnaty,15/01/2021,1,23403,35.61
Central African Republic,CAF,AFRO,REPORTING,05/06/2022,1193681,1101130,24.715,22.799,1044746,21.631,"Bharat - Covaxin,SII - Covishield",19/03/2021,2,,
Chad,TCD,AFRO,REPORTING,05/06/2022,2355126,2216437,14.338,13.494,2091466,12.733,Beijing CNBG - BBIBP-CorV,04/06/2021,1,,
Chile,CHL,AMRO,REPORTING,03/06/2022,56897016,17965569,297.638,93.981,17528387,91.694,"AstraZeneca - Vaxzevria,CanSino - Convidecia,Moderna - Spikevax,Pfizer BioNTech - Comirnaty,Sinovac - CoronaVac",21/12/2020,5,14607171,76.413
China,CHN,WPRO,REPORTING,05/06/2022,3397315599,1297285455,230.908,88.174,1266874166,86.107,"Anhui ZL - Zifivax,Beijing CNBG - BBIBP-CorV,CanSino - Convidecia,IMB - Covidful,Pfizer BioNTech - Comirnaty,Shenzhen - LV-SMENP-DC,Sinovac - CoronaVac,Wuhan CNBG - Inactivated",22/07/2020,8,756436639,51.413
Colombia,COL,AMRO,REPORTING,03/06/2022,84486714,42292969,166.041,83.118,35958948,70.67,"AstraZeneca - Vaxzevria,Janssen - Ad26.COV 2-S,Moderna - Spikevax,Pfizer BioNTech - Comirnaty,Sinovac - CoronaVac",17/02/2021,5,12459136,24.486
Comoros,COM,AFRO,REPORTING,05/06/2022,642520,341302,73.887,39.248,301218,34.639,"Beijing CNBG - BBIBP-CorV,Bharat - Covaxin,SII - Covishield",10/04/2021,3,,
Congo,COG,AFRO,REPORTING,05/06/2022,831318,693902,15.065,12.575,652422,11.823,"Beijing CNBG - BBIBP-CorV,Gamaleya - Gam-Covid-Vac,Moderna - Spikevax,SII - Covishield",23/03/2021,4,,
Cook Islands,COK,WPRO,REPORTING,05/06/2022,39667,15013,225.843,85.476,14679,83.574,Pfizer BioNTech - Comirnaty,17/05/2021,1,9975,56.792
Costa Rica,CRI,AMRO,REPORTING,03/06/2022,11017624,4437629,216.281,87.113,4143017,81.329,"AstraZeneca - Vaxzevria,Moderna - Spikevax,Pfizer BioNTech - Comirnaty",24/12/2020,3,2299181,45.134
Côte d’Ivoire,CIV,AFRO,REPORTING,05/06/2022,12753769,8026397,48.35,30.428,5540193,21.003,"Beijing CNBG - BBIBP-CorV,Gamaleya - Gam-Covid-Vac,Janssen - Ad26.COV 2-S,Pfizer BioNTech - Comirnaty,SII - Covishield",01/03/2021,5,87290,0.331
Croatia,HRV,EURO,REPORTING,29/05/2022,5253369,2313092,129.5,57.032,2239483,55.185,"AstraZeneca - Vaxzevria,Janssen - Ad26.COV 2-S,Moderna - Spikevax,Novavax-NUVAXOVID,Pfizer BioNTech - Comirnaty,Unknown Vaccine",23/12/2020,6,897389,22.113
Cuba,CUB,AMRO,REPORTING,03/06/2022,36461068,10670978,321.906,94.212,9965164,87.98,"CIGB - CIGB-66,Finlay - Soberana Plus,Finlay - Soberana-02",,3,7267798,64.166
Curaçao,CUW,AMRO,REPORTING,03/06/2022,253246,108161,154.331,65.914,99402,60.577,"AstraZeneca - Vaxzevria,Moderna - Spikevax,Pfizer BioNTech - Comirnaty",24/02/2021,3,45683,27.84
Cyprus,CYP,EURO,REPORTING,29/05/2022,1785214,663886,201,74.762,659912,74.314,"AstraZeneca - Vaxzevria,Janssen - Ad26.COV 2-S,Moderna - Spikevax,Novavax-NUVAXOVID,Pfizer BioNTech - Comirnaty",23/12/2020,5,464010,52.253
Czechia,CZE,EURO,REPORTING,29/05/2022,17620044,6956360,164.8,65.05,6868349,64.227,"AstraZeneca - Vaxzevria,Janssen - Ad26.COV 2-S,Moderna - Spikevax,Novavax-NUVAXOVID,Pfizer BioNTech - Comirnaty",23/12/2020,5,4205395,39.325
Democratic Republic of the Congo,COD,AFRO,REPORTING,05/06/2022,2952125,2416650,3.296,2.698,1710177,1.91,SII - Covishield,19/04/2021,1,,
Denmark,DNK,EURO,REPORTING,22/05/2022,13204905,4831421,226.8,82.975,4783959,82.16,"AstraZeneca - Vaxzevria,Janssen - Ad26.COV 2-S,Moderna - Spikevax,Pfizer BioNTech - Comirnaty,Unknown Vaccine",16/12/2020,5,3636332,62.45
Djibouti,DJI,EMRO,REPORTING,05/06/2022,311823,175939,31.561,17.808,135884,13.753,"AstraZeneca - Vaxzevria,Beijing CNBG - BBIBP-CorV,Bharat - Covaxin,CanSino - Convidecia,Gamaleya - Gam-Covid-Vac,Gamaleya - Sputnik-Light,Janssen - Ad26.COV 2-S,Moderna - Spikevax,Pfizer BioNTech - Comirnaty,SII - Covishield,Sinovac - CoronaVac",15/03/2021,11,,
Dominica,DMA,AMRO,REPORTING,03/06/2022,66733,32759,92.696,45.504,30328,42.127,"AstraZeneca - Vaxzevria,Beijing CNBG - BBIBP-CorV,Pfizer BioNTech - Comirnaty,SII - Covishield",12/02/2021,4,3646,5.065
Dominican Republic,DOM,AMRO,REPORTING,03/06/2022,15555792,7222205,143.399,66.577,5982874,55.152,"AstraZeneca - Vaxzevria,SII - Covishield,Sinovac - CoronaVac",16/02/2021,3,2350713,21.67
Ecuador,ECU,AMRO,REPORTING,03/06/2022,35268627,15167715,199.901,85.97,13978527,79.23,"AstraZeneca - Vaxzevria,CanSino - Convidecia,Pfizer BioNTech - Comirnaty,Sinovac - CoronaVac",20/01/2021,4,6265789,35.514
Egypt,EGY,EMRO,REPORTING,05/06/2022,86132442,47851408,84.168,46.76,35333851,34.528,"AstraZeneca - Vaxzevria,Beijing CNBG - BBIBP-CorV,Bharat - Covaxin,CanSino - Convidecia,Gamaleya - Gam-Covid-Vac,Gamaleya - Sputnik-Light,Janssen - Ad26.COV 2-S,Moderna - Spikevax,Pfizer BioNTech - Comirnaty,Sinovac - CoronaVac",24/01/2021,10,2947183,2.88
El Salvador,SLV,AMRO,REPORTING,03/06/2022,10785039,4588952,166.277,70.749,4296101,66.234,"AstraZeneca - Vaxzevria,Beijing CNBG - BBIBP-CorV,Moderna - Spikevax,Pfizer BioNTech - Comirnaty,SII - Covishield,Sinovac - CoronaVac",17/02/2021,6,1653279,25.489
Equatorial Guinea,GNQ,AFRO,REPORTING,05/06/2022,479991,265505,34.212,18.924,206762,14.737,"Beijing CNBG - BBIBP-CorV,Sinovac - CoronaVac",12/02/2021,2,3862,0.275
Estonia,EST,EURO,REPORTING,29/05/2022,2073453,841601,156,63.327,837237,62.999,"AstraZeneca - Vaxzevria,Janssen - Ad26.COV 2-S,Moderna - Spikevax,Novavax-NUVAXOVID,Pfizer BioNTech - Comirnaty",23/12/2020,5,458730,34.518
Eswatini,SWZ,AFRO,REPORTING,05/06/2022,535393,387468,46.148,33.398,336066,28.967,"Janssen - Ad26.COV 2-S,Pfizer BioNTech - Comirnaty,SII - Covishield",19/03/2021,3,,
Ethiopia,ETH,AFRO,REPORTING,05/06/2022,29419678,24770491,25.59,21.546,21292024,18.521,"Beijing CNBG - BBIBP-CorV,Bharat - Covaxin,Janssen - Ad26.COV 2-S,SII - Covishield",13/03/2021,4,346411,0.301
Falkland Islands (Malvinas),FLK,AMRO,OWID,14/04/2021,4407,2632,126.529,75.567,1775,50.962,AstraZeneca - AZD1222,,1,,
Faroe Islands,FRO,EURO,OWID,18/02/2022,103894,41715,212.614,85.368,40895,83.69,"Moderna - mRNA-1273, Pfizer BioNTech - Comirnaty",,2,21284,43.557
Fiji,FJI,WPRO,REPORTING,05/06/2022,1469702,705891,163.948,78.743,634301,70.757,"AstraZeneca - Vaxzevria,Moderna - Spikevax,SII - Covishield",07/03/2021,3,129510,14.447
Finland,FIN,EURO,REPORTING,29/05/2022,11833552,4531577,214.2,82.015,4340329,78.554,"AstraZeneca - Vaxzevria,Janssen - Ad26.COV 2-S,Moderna - Spikevax,Pfizer BioNTech - Comirnaty,Unknown Vaccine",23/12/2020,5,2961646,53.602
France,FRA,EURO,REPORTING,29/05/2022,148063245,54398084,219.9,80.805,52812105,78.449,"AstraZeneca - Vaxzevria,Janssen - Ad26.COV 2-S,Moderna - Spikevax,Novavax-NUVAXOVID,Pfizer BioNTech - Comirnaty,Unknown Vaccine",30/12/2020,6,39925755,59.307
French Guiana,GUF,AMRO,REPORTING,03/06/2022,231220,98390,77.413,32.941,89111,29.835,"Moderna - Spikevax,Pfizer BioNTech - Comirnaty",13/01/2021,2,42922,14.37
French Polynesia,PYF,WPRO,REPORTING,05/06/2022,344607,186597,122.676,66.426,183548,65.341,"Janssen - Ad26.COV 2-S,Pfizer BioNTech - Comirnaty",18/01/2021,2,88937,31.661
Gabon,GAB,AFRO,REPORTING,05/06/2022,566886,308489,25.47,13.86,256088,11.506,"Beijing CNBG - BBIBP-CorV,Gamaleya - Gam-Covid-Vac,Pfizer BioNTech - Comirnaty",23/03/2021,3,2309,0.104
Gambia,GMB,AFRO,REPORTING,05/06/2022,720000,449464,29.793,18.599,354340,14.662,"Beijing CNBG - BBIBP-CorV,SII - Covishield",10/03/2021,2,9007,0.373
Georgia,GEO,EURO,REPORTING,22/05/2022,2685459,1281508,67.3,32.125,1166039,29.23,"AstraZeneca - Vaxzevria,Beijing CNBG - BBIBP-CorV,Pfizer BioNTech - Comirnaty,Sinovac - CoronaVac",17/03/2021,4,237912,5.964
Germany,DEU,EURO,REPORTING,29/05/2022,179952194,64542796,216.4,77.607,64501003,77.556,"AstraZeneca - Vaxzevria,Janssen - Ad26.COV 2-S,Moderna - Spikevax,Novavax-NUVAXOVID,Pfizer BioNTech - Comirnaty,Unknown Vaccine",23/12/2020,6,49637048,59.684
Ghana,GHA,AFRO,REPORTING,05/06/2022,16203630,9786631,52.147,31.496,6410470,20.63,"Gamaleya - Gam-Covid-Vac,SII - Covishield",02/03/2021,2,570557,1.836
Gibraltar,GIB,EURO,OWID,21/04/2022,119855,42074,355.748,124.882,41421,122.944,"AstraZeneca - AZD1222, Pfizer BioNTech - Comirnaty",,2,36360,107.922
Greece,GRC,EURO,REPORTING,29/05/2022,21094849,7897973,196.8,73.685,7713777,71.967,"AstraZeneca - Vaxzevria,Janssen - Ad26.COV 2-S,Moderna - Spikevax,Novavax-NUVAXOVID,Pfizer BioNTech - Comirnaty",23/12/2020,5,5784095,53.963
Greenland,GRL,EURO,OWID,07/03/2022,79745,41243,140.465,72.647,38502,67.819,Moderna - mRNA-1273,,1,,
Grenada,GRD,AMRO,REPORTING,03/06/2022,88728,43650,78.853,38.792,38410,34.135,"AstraZeneca - Vaxzevria,Janssen - Ad26.COV 2-S,Pfizer BioNTech - Comirnaty,SII - Covishield",15/02/2021,4,6668,5.926
Guadeloupe,GLP,AMRO,REPORTING,03/06/2022,377846,148990,94.432,37.236,143076,35.758,"AstraZeneca - Vaxzevria,Janssen - Ad26.COV 2-S,Moderna - Spikevax,Pfizer BioNTech - Comirnaty",08/01/2021,6,84215,21.047
Guam,GUM,WPRO,REPORTING,05/06/2022,349073,154519,206.827,91.553,140525,83.262,"Janssen - Ad26.COV 2-S,Moderna - Spikevax,Pfizer BioNTech - Comirnaty",04/01/2021,3,61789,36.61
Guatemala,GTM,AMRO,REPORTING,03/06/2022,17558698,8249568,98.008,46.047,6254215,34.909,"AstraZeneca - Vaxzevria,Gamaleya - Gam-Covid-Vac,Moderna - Spikevax,Pfizer BioNTech - Comirnaty,SII - Covishield",25/02/2021,5,2950993,16.472
Guernsey,GGY,EURO,OWID,01/06/2022,156415,,242.624,,,,"Moderna - mRNA-1273, AstraZeneca - AZD1222, Pfizer BioNTech - Comirnaty",,3,,
Guinea,GIN,AFRO,REPORTING,05/06/2022,6127699,4477740,46.66,34.096,2511039,19.12,"Beijing CNBG - BBIBP-CorV,Gamaleya - Gam-Covid-Vac,Janssen - Ad26.COV 2-S,Pfizer BioNTech - Comirnaty,SII - Covishield,Sinovac - CoronaVac",05/03/2021,6,,
Guinea-Bissau,GNB,AFRO,REPORTING,05/06/2022,562717,529346,28.593,26.898,341781,17.367,"Beijing CNBG - BBIBP-CorV,SII - Covishield",02/04/2021,2,81,0.004
Guyana,GUY,AMRO,REPORTING,03/06/2022,909924,476991,115.685,60.643,367326,46.701,"AstraZeneca - Vaxzevria,Beijing CNBG - BBIBP-CorV,Gamaleya - Gam-Covid-Vac,Janssen - Ad26.COV 2-S,Moderna - Spikevax,Pfizer BioNTech - Comirnaty,SII - Covishield",11/02/2021,7,65607,8.341
Haiti,HTI,AMRO,REPORTING,03/06/2022,285651,188584,2.505,1.654,132177,1.159,"Janssen - Ad26.COV 2-S,Moderna - Spikevax",,2,,
Honduras,HND,AMRO,REPORTING,03/06/2022,14065533,6210907,142.01,62.707,5307723,53.588,"AstraZeneca - Vaxzevria,Gamaleya - Gam-Covid-Vac,Janssen - Ad26.COV 2-S,Moderna - Spikevax,Pfizer BioNTech - Comirnaty,SII - Covishield",22/02/2021,6,2547278,25.718
Hungary,HUN,EURO,REPORTING,29/05/2022,16398692,6346095,167.9,64.958,6139822,62.847,"AstraZeneca - Vaxzevria,Beijing CNBG - BBIBP-CorV,Gamaleya - Gam-Covid-Vac,Janssen - Ad26.COV 2-S,Moderna - Spikevax,Pfizer BioNTech - Comirnaty,Sinovac - CoronaVac",23/12/2020,7,3841324,39.319
Iceland,ISL,EURO,REPORTING,29/05/2022,803561,306483,220.7,84.168,296820,81.514,"AstraZeneca - Vaxzevria,Janssen - Ad26.COV 2-S,Moderna - Spikevax,Pfizer BioNTech - Comirnaty",30/12/2020,4,250197,68.71
India,IND,SEARO,REPORTING,07/06/2022,1962351204,1011009637,142.199,73.261,895821508,64.914,"Bharat - Covaxin,Biological E - Corbevax,Gamaleya - Gam-Covid-Vac,Janssen - Ad26.COV 2-S,Moderna - Spikevax,SII - Covishield,SII - Covovax,Zydus - ZyCov-D",16/01/2021,8,55520059,4.023
Indonesia,IDN,SEARO,REPORTING,07/06/2022,415385585,200652038,151.865,73.358,167822664,61.356,"AstraZeneca - Vaxzevria,Beijing CNBG - BBIBP-CorV,Janssen - Ad26.COV 2-S,Moderna - Spikevax,Novavax-NUVAXOVID,Pfizer BioNTech - Comirnaty,Sinovac - CoronaVac",13/01/2021,7,46910883,17.151
Iran (Islamic Republic of),IRN,EMRO,REPORTING,29/05/2022,149357848,64501988,177.822,76.795,57809578,68.827,"AstraZeneca - Vaxzevria,Beijing CNBG - BBIBP-CorV,Bharat - Covaxin,CanSino - Convidecia,Finlay - Soberana-02,Gamaleya - Gam-Covid-Vac,Gamaleya - Sputnik-Light,Janssen - Ad26.COV 2-S,Moderna - Spikevax,Pfizer BioNTech - Comirnaty,Shifa - COVIran Barakat,Sinovac - CoronaVac",09/02/2021,12,27046282,32.201
Iraq,IRQ,EMRO,REPORTING,28/05/2022,18353783,10674521,45.631,26.539,7498791,18.643,"AstraZeneca - Vaxzevria,Beijing CNBG - BBIBP-CorV,Bharat - Covaxin,CanSino - Convidecia,Gamaleya - Gam-Covid-Vac,Gamaleya - Sputnik-Light,Janssen - Ad26.COV 2-S,Moderna - Spikevax,Pfizer BioNTech - Comirnaty,Sinovac - CoronaVac",02/03/2021,10,180471,0.449
Ireland,IRL,EURO,REPORTING,29/05/2022,11114500,4038189,223.9,83.761,3997486,80.522,"AstraZeneca - Vaxzevria,Janssen - Ad26.COV 2-S,Moderna - Spikevax,Novavax-NUVAXOVID,Pfizer BioNTech - Comirnaty",30/12/2020,5,2930104,59.022
Isle of Man,IMN,EURO,OWID,05/04/2022,189681,69532,223.07,81.772,67024,78.822,"Moderna - mRNA-1273, AstraZeneca - AZD1222, Pfizer BioNTech - Comirnaty",,3,53125,62.476
Israel,ISR,EURO,REPORTING,08/05/2022,15018677,7054015,173.5,81.497,6382834,73.743,"AstraZeneca - Vaxzevria,Moderna - Spikevax,Pfizer BioNTech - Comirnaty",16/12/2020,3,1581828,18.275
Italy,ITA,EURO,REPORTING,15/05/2022,136206350,50381196,228.4,84.478,47455689,79.568,"AstraZeneca - Vaxzevria,Janssen - Ad26.COV 2-S,Moderna - Spikevax,Novavax-NUVAXOVID,Pfizer BioNTech - Comirnaty",23/12/2020,5,39848772,66.814
Jamaica,JAM,AMRO,REPORTING,03/06/2022,1442890,804279,48.727,27.161,700243,23.648,"AstraZeneca - Vaxzevria,Beijing CNBG - BBIBP-CorV,Janssen - Ad26.COV 2-S,Pfizer BioNTech - Comirnaty,SII - Covishield",10/03/2021,5,40813,1.378
Japan,JPN,WPRO,REPORTING,05/06/2022,279402397,103523757,220.913,81.852,101984505,80.635,"AstraZeneca - Vaxzevria,Moderna - Spikevax,Novavax-NUVAXOVID,Pfizer BioNTech - Comirnaty",17/02/2021,4,73894135,58.425
Jersey,JEY,EURO,OWID,05/06/2022,234978,83487,217.984,77.449,80597,74.768,"Moderna - mRNA-1273, AstraZeneca - AZD1222, Pfizer BioNTech - Comirnaty",,3,70894,65.767
Jordan,JOR,EMRO,REPORTING,29/05/2022,9951844,4789727,97.537,46.944,4508753,44.19,"AstraZeneca - Vaxzevria,Beijing CNBG - BBIBP-CorV,Bharat - Covaxin,CanSino - Convidecia,Gamaleya - Gam-Covid-Vac,Gamaleya - Sputnik-Light,Janssen - Ad26.COV 2-S,Moderna - Spikevax,Pfizer BioNTech - Comirnaty,Sinovac - CoronaVac",13/01/2021,10,657492,6.444
Kazakhstan,KAZ,EURO,REPORTING,29/05/2022,26084936,10643089,138.9,56.682,11170347,59.49,"Beijing CNBG - BBIBP-CorV,Gamaleya - Gam-Covid-Vac,Pfizer BioNTech - Comirnaty,RIBSP - QazVac,Sinovac - CoronaVac",07/04/2021,5,4271500,22.749
Kenya,KEN,AFRO,REPORTING,05/06/2022,18367309,12576597,34.158,23.389,9223230,17.153,"Beijing CNBG - BBIBP-CorV,Janssen - Ad26.COV 2-S,Moderna - Spikevax,Pfizer BioNTech - Comirnaty,SII - Covishield",05/03/2021,5,335015,0.623
Kiribati,KIR,WPRO,REPORTING,05/06/2022,151235,80566,126.611,67.448,60670,50.792,"AstraZeneca - Vaxzevria,Beijing CNBG - BBIBP-CorV",26/05/2021,2,9999,8.371
Kosovo,XKX,EURO,REPORTING,29/05/2022,1828696,903026,101.8,50.289,822798,45.821,"AstraZeneca - AZD1222, Pfizer BioNTech - Comirnaty",,2,102872,5.729
Kuwait,KWT,EMRO,REPORTING,01/06/2022,8043969,3426459,188.358,80.234,3310871,77.528,"AstraZeneca - Vaxzevria,Beijing CNBG - BBIBP-CorV,Bharat - Covaxin,CanSino - Convidecia,Gamaleya - Gam-Covid-Vac,Gamaleya - Sputnik-Light,Janssen - Ad26.COV 2-S,Moderna - Spikevax,Pfizer BioNTech - Comirnaty,Sinovac - CoronaVac",28/12/2020,10,1306639,30.596
Kyrgyzstan,KGZ,EURO,REPORTING,29/05/2022,2850862,1430615,43.7,21.928,1262853,19.356,"AstraZeneca - Vaxzevria,Beijing CNBG - BBIBP-CorV,Gamaleya - Gam-Covid-Vac,Moderna - Spikevax,Pfizer BioNTech - Comirnaty,RIBSP - QazVac",31/03/2021,6,157394,2.412
Lao People's Democratic Republic,LAO,WPRO,REPORTING,05/06/2022,11130131,5786537,152.98,79.534,4939064,67.886,"AstraZeneca - Vaxzevria,Beijing CNBG - BBIBP-CorV,Gamaleya - Gam-Covid-Vac,Gamaleya - Sputnik-Light,Janssen - Ad26.COV 2-S,Pfizer BioNTech - Comirnaty,SII - Covishield,Sinovac - CoronaVac",25/11/2020,8,1450981,19.943
Latvia,LVA,EURO,REPORTING,22/05/2022,2826513,1300851,148.2,68.19,1268859,66.513,"AstraZeneca - Vaxzevria,Janssen - Ad26.COV 2-S,Moderna - Spikevax,Novavax-NUVAXOVID,Pfizer BioNTech - Comirnaty",30/12/2020,5,528936,27.727
Lebanon,LBN,EMRO,REPORTING,30/05/2022,5634462,2686207,82.551,39.356,2362812,34.618,"AstraZeneca - Vaxzevria,Beijing CNBG - BBIBP-CorV,Bharat - Covaxin,CanSino - Convidecia,Gamaleya - Gam-Covid-Vac,Gamaleya - Sputnik-Light,Janssen - Ad26.COV 2-S,Moderna - Spikevax,Pfizer BioNTech - Comirnaty,Sinovac - CoronaVac",14/02/2021,10,585443,8.577
Lesotho,LSO,AFRO,REPORTING,05/06/2022,948906,1014456,44.295,47.355,739962,34.541,"Beijing CNBG - BBIBP-CorV,Janssen - Ad26.COV 2-S,SII - Covishield",10/03/2021,3,,
Liberia,LBR,AFRO,REPORTING,05/06/2022,1996703,1751520,39.479,34.631,1438154,28.435,SII - Covishield,01/04/2021,1,1912,0.038
Libya,LBY,EMRO,REPORTING,05/06/2022,3514582,2246087,51.149,32.688,1167540,16.992,"AstraZeneca - Vaxzevria,Beijing CNBG - BBIBP-CorV,Bharat - Covaxin,CanSino - Convidecia,Gamaleya - Gam-Covid-Vac,Gamaleya - Sputnik-Light,Janssen - Ad26.COV 2-S,Moderna - Spikevax,Pfizer BioNTech - Comirnaty,Sinovac - CoronaVac",11/04/2021,10,100955,1.469
Liechtenstein,LIE,OTHER,REPORTING,10/04/2022,71104,26681,183.5,68.86,26346,67.995,"Janssen - Ad26.COV 2-S,Moderna - Spikevax,Pfizer BioNTech - Comirnaty",06/01/2021,3,18310,47.255
Lithuania,LTU,EURO,REPORTING,29/05/2022,4472293,1951055,160.1,69.982,1900995,68.036,"AstraZeneca - Vaxzevria,Janssen - Ad26.COV 2-S,Moderna - Spikevax,Pfizer BioNTech - Comirnaty,Unknown Vaccine",23/12/2020,5,889884,31.849
Luxembourg,LUX,EURO,REPORTING,29/05/2022,1264619,469087,202,74.921,462034,73.795,"AstraZeneca - Vaxzevria,Janssen - Ad26.COV 2-S,Moderna - Spikevax,Novavax-NUVAXOVID,Pfizer BioNTech - Comirnaty",30/12/2020,5,361153,57.682
Madagascar,MDG,AFRO,REPORTING,05/06/2022,2369775,1290584,8.558,4.661,1199011,4.33,"Beijing CNBG - BBIBP-CorV,Janssen - Ad26.COV 2-S,SII - Covishield",10/05/2021,3,43528,0.157
Malawi,MWI,AFRO,REPORTING,05/06/2022,2166402,1596607,11.325,8.346,1139589,5.957,"Janssen - Ad26.COV 2-S,SII - Covishield",11/03/2021,2,740,0.004
Malaysia,MYS,WPRO,REPORTING,05/06/2022,70973991,27997736,219.286,86.504,27086354,83.688,"AstraZeneca - Vaxzevria,Beijing CNBG - BBIBP-CorV,CanSino - Convidecia,Gamaleya - Gam-Covid-Vac,Janssen - Ad26.COV 2-S,Moderna - Spikevax,Pfizer BioNTech - Comirnaty,Sinovac - CoronaVac",24/02/2021,8,16104236,49.757
Maldives,MDV,SEARO,REPORTING,06/06/2022,944563,398727,174.743,73.764,384274,71.09,"AstraZeneca - Vaxzevria,Beijing CNBG - BBIBP-CorV,Gamaleya - Gam-Covid-Vac,Janssen - Ad26.COV 2-S,Moderna - Spikevax,Pfizer BioNTech - Comirnaty,SII - Covishield,Sinovac - CoronaVac",01/02/2021,8,161562,29.889
Mali,MLI,AFRO,REPORTING,05/06/2022,2308245,1695963,11.398,8.375,1245359,6.15,SII - Covishield,31/03/2021,1,,
Malta,MLT,EURO,REPORTING,29/05/2022,1240419,450051,241.1,87.463,444214,86.328,"AstraZeneca - Vaxzevria,Janssen - Ad26.COV 2-S,Moderna - Spikevax,Pfizer BioNTech - Comirnaty",23/12/2020,4,349063,67.837
Marshall Islands,MHL,WPRO,REPORTING,05/06/2022,67461,35056,113.966,59.222,27591,46.611,"Janssen - Ad26.COV 2-S,Moderna - Spikevax,Pfizer BioNTech - Comirnaty",29/12/2020,3,7595,12.831
Martinique,MTQ,AMRO,REPORTING,03/06/2022,384386,148947,102.431,39.691,143729,38.301,Pfizer BioNTech - Comirnaty,,1,89449,23.836
Mauritania,MRT,AFRO,REPORTING,05/06/2022,2845889,1924472,61.206,41.39,1332013,28.648,"Beijing CNBG - BBIBP-CorV,SII - Covishield",26/03/2021,2,215488,4.634
Mauritius,MUS,AFRO,REPORTING,05/06/2022,2551638,977183,200.637,76.837,944658,74.279,"Beijing CNBG - BBIBP-CorV,Bharat - Covaxin,SII - Covishield",26/01/2021,3,629797,49.521
Mexico,MEX,AMRO,REPORTING,03/06/2022,208630697,88047653,161.814,68.29,79947470,62.007,"AstraZeneca - Vaxzevria,CanSino - Convidecia,Gamaleya - Gam-Covid-Vac,Janssen - Ad26.COV 2-S,Moderna - Spikevax,Pfizer BioNTech - Comirnaty,Sinovac - CoronaVac",24/12/2020,7,53063583,41.156
Micronesia (Federated States of),FSM,WPRO,REPORTING,05/06/2022,128183,67839,111.441,58.979,57297,49.814,"AstraZeneca - Vaxzevria,Janssen - Ad26.COV 2-S,Moderna - Spikevax,Pfizer BioNTech - Comirnaty",13/01/2021,4,15868,13.796
Monaco,MCO,EURO,REPORTING,02/01/2022,58294,23460,148.5,59.78,23356,59.515,"AstraZeneca - Vaxzevria,Janssen - Ad26.COV 2-S,Moderna - Spikevax,Novavax - Covavax,Novavax-NUVAXOVID,Pfizer BioNTech - Comirnaty",30/06/2021,6,11478,29.248
Mongolia,MNG,WPRO,REPORTING,05/06/2022,5629336,2273504,171.716,69.35,2176508,66.392,"AstraZeneca - Vaxzevria,Beijing CNBG - BBIBP-CorV,Gamaleya - Gam-Covid-Vac,Moderna - Spikevax,Pfizer BioNTech - Comirnaty,SII - Covishield",23/02/2021,6,1045846,31.902
Montenegro,MNE,EURO,REPORTING,29/05/2022,524984,271780,83.6,43.703,253204,40.716,"AstraZeneca - Vaxzevria,Beijing CNBG - BBIBP-CorV,Gamaleya - Gam-Covid-Vac,Pfizer BioNTech - Comirnaty,Unknown Vaccine",24/02/2021,5,0,0
Montserrat,MSR,AMRO,REPORTING,03/06/2022,4255,1916,85.117,38.328,1829,36.587,AstraZeneca - Vaxzevria,08/02/2021,1,510,10.202
Morocco,MAR,EMRO,REPORTING,05/06/2022,54710937,24930030,148.226,67.542,23411104,63.427,"AstraZeneca - Vaxzevria,Beijing CNBG - BBIBP-CorV,Bharat - Covaxin,CanSino - Convidecia,Gamaleya - Gam-Covid-Vac,Gamaleya - Sputnik-Light,Janssen - Ad26.COV 2-S,Moderna - Spikevax,Pfizer BioNTech - Comirnaty,Sinovac - CoronaVac",28/01/2021,10,6369803,17.257
Mozambique,MOZ,AFRO,REPORTING,05/06/2022,31616078,14978771,101.154,47.924,14098645,45.108,"Beijing CNBG - BBIBP-CorV,Janssen - Ad26.COV 2-S,SII - Covishield",08/03/2021,3,353032,1.13
Myanmar,MMR,SEARO,REPORTING,24/05/2022,59453155,31345527,109.269,57.61,26110318,47.988,"Beijing CNBG - BBIBP-CorV,SII - Covishield",27/01/2021,2,1997310,3.671
Namibia,NAM,AFRO,REPORTING,05/06/2022,825518,496475,32.489,19.539,426681,16.792,"Beijing CNBG - BBIBP-CorV,Janssen - Ad26.COV 2-S,Pfizer BioNTech - Comirnaty,SII - Covishield",19/03/2021,4,64392,2.534
Nauru,NRU,WPRO,REPORTING,05/06/2022,22976,9464,212.073,87.355,8585,79.241,"AstraZeneca - Vaxzevria,SII - Covishield",09/04/2021,2,4927,45.477
Nepal,NPL,SEARO,REPORTING,06/06/2022,47141797,22441717,161.795,77.022,19926930,68.391,"AstraZeneca - Vaxzevria,Beijing CNBG - BBIBP-CorV,Bharat - Covaxin,Gamaleya - Gam-Covid-Vac,Janssen - Ad26.COV 2-S,Moderna - Spikevax,Pfizer BioNTech - Comirnaty,SII - Covishield",27/01/2021,8,4773150,16.382
Netherlands,NLD,EURO,REPORTING,29/05/2022,35332748,12808594,203,73.581,11983233,68.839,"AstraZeneca - Vaxzevria,Janssen - Ad26.COV 2-S,Moderna - Spikevax,Novavax-NUVAXOVID,Pfizer BioNTech - Comirnaty,Unknown Vaccine",06/01/2021,6,9277089,53.293
New Caledonia,NCL,WPRO,REPORTING,05/06/2022,460985,188325,161.467,65.964,180201,63.118,"Janssen - Ad26.COV 2-S,Pfizer BioNTech - Comirnaty",20/01/2021,2,92459,32.385
New Zealand,NZL,WPRO,REPORTING,05/06/2022,11090222,4262527,229.981,88.393,4079886,84.606,"AstraZeneca - Vaxzevria,Janssen - Ad26.COV 2-S,Novavax-NUVAXOVID,Pfizer BioNTech - Comirnaty",19/02/2021,4,2682965,55.637
Nicaragua,NIC,AMRO,REPORTING,03/06/2022,10760706,5788470,162.437,87.379,4972236,75.058,"AstraZeneca - Vaxzevria,CIGB - CIGB-66,Finlay - Soberana Plus,Finlay - Soberana-02,Gamaleya - Gam-Covid-Vac,Gamaleya - Sputnik-Light,Janssen - Ad26.COV 2-S,Pfizer BioNTech - Comirnaty,SII - Covishield",03/03/2021,9,,
Niger,NER,AFRO,REPORTING,05/06/2022,2703493,2198758,11.168,9.083,1556817,6.431,"Beijing CNBG - BBIBP-CorV,SII - Covishield",29/03/2021,2,,
Nigeria,NGA,AFRO,REPORTING,05/06/2022,46391592,27401621,22.505,13.293,16817979,8.159,SII - Covishield,05/03/2021,1,942369,0.457
Niue,NIU,WPRO,REPORTING,05/06/2022,4161,1650,257.169,101.978,1417,87.577,Pfizer BioNTech - Comirnaty,08/06/2021,1,1094,67.614
North Macedonia,MKD,EURO,REPORTING,22/05/2022,1848954,853737,88.7,41.119,837084,40.317,"AstraZeneca - Vaxzevria,Beijing CNBG - BBIBP-CorV,Gamaleya - Gam-Covid-Vac,Pfizer BioNTech - Comirnaty,Sinovac - CoronaVac,Wuhan CNBG - Inactivated",17/02/2021,6,158133,7.616
Northern Mariana Islands (Commonwealth of the),MNP,WPRO,REPORTING,05/06/2022,111665,44759,194.008,77.765,43866,76.213,"Janssen - Ad26.COV 2-S,Moderna - Spikevax,Pfizer BioNTech - Comirnaty",19/12/2020,3,23040,40.03
Norway,NOR,EURO,REPORTING,29/05/2022,11318644,4336878,210.9,80.798,4044245,75.346,"AstraZeneca - Vaxzevria,Janssen - Ad26.COV 2-S,Moderna - Spikevax,Pfizer BioNTech - Comirnaty",23/12/2020,4,2944542,54.858
occupied Palestinian territory,PSE,EMRO,REPORTING,22/05/2022,3723499,2003622,72.99,39.276,1769425,34.685,"AstraZeneca - Vaxzevria,Beijing CNBG - BBIBP-CorV,Bharat - Covaxin,CanSino - Convidecia,Gamaleya - Gam-Covid-Vac,Gamaleya - Sputnik-Light,Janssen - Ad26.COV 2-S,Moderna - Spikevax,Pfizer BioNTech - Comirnaty,Sinovac - CoronaVac",02/02/2021,10,328588,6.441
Oman,OMN,EMRO,REPORTING,23/05/2022,7090453,3263849,138.848,63.914,3072891,60.175,"AstraZeneca - Vaxzevria,Beijing CNBG - BBIBP-CorV,Bharat - Covaxin,CanSino - Convidecia,Gamaleya - Gam-Covid-Vac,Gamaleya - Sputnik-Light,Janssen - Ad26.COV 2-S,Moderna - Spikevax,Pfizer BioNTech - Comirnaty,SII - Covishield,Sinovac - CoronaVac",29/12/2020,11,753713,14.76
Pakistan,PAK,EMRO,REPORTING,30/05/2022,256289705,143988959,116.025,65.185,121494669,55.002,"AstraZeneca - Vaxzevria,Beijing CNBG - BBIBP-CorV,Bharat - Covaxin,CanSino - Convidecia,Gamaleya - Gam-Covid-Vac,Gamaleya - Sputnik-Light,Janssen - Ad26.COV 2-S,Moderna - Spikevax,Pfizer BioNTech - Comirnaty,SII - Covishield,Sinovac - CoronaVac",03/02/2021,11,7772898,3.519
Palau,PLW,WPRO,REPORTING,05/06/2022,47146,20196,260.59,111.629,17971,99.331,"Janssen - Ad26.COV 2-S,Moderna - Spikevax,Pfizer BioNTech - Comirnaty",03/01/2021,3,11328,62.613
Panama,PAN,AMRO,REPORTING,03/06/2022,8242621,3477600,191.033,80.598,3103529,71.928,"AstraZeneca - Vaxzevria,Pfizer BioNTech - Comirnaty",20/01/2021,2,1588761,36.821
Papua New Guinea,PNG,WPRO,REPORTING,05/06/2022,452777,330825,5.061,3.698,271349,3.033,"AstraZeneca - Vaxzevria,Beijing CNBG - BBIBP-CorV,Janssen - Ad26.COV 2-S,SII - Covishield",30/03/2021,4,15967,0.178
Paraguay,PRY,AMRO,REPORTING,03/06/2022,8798904,3937397,123.363,55.203,3435394,48.165,"AstraZeneca - Vaxzevria,Beijing CNBG - BBIBP-CorV,Bharat - Covaxin,Gamaleya - Gam-Covid-Vac,Julphar - Hayat-Vax,Moderna - Spikevax,Pfizer BioNTech - Comirnaty,Sinovac - CoronaVac",22/02/2021,8,1414436,19.831
Peru,PER,AMRO,REPORTING,03/06/2022,75444116,29373878,228.814,89.088,27372984,83.019,"AstraZeneca - Vaxzevria,Beijing CNBG - BBIBP-CorV,Moderna - Spikevax,Pfizer BioNTech - Comirnaty",09/02/2021,4,17739336,53.801
Philippines,PHL,WPRO,REPORTING,05/06/2022,150995394,74634409,137.793,68.109,70009042,63.888,"AstraZeneca - Vaxzevria,Beijing CNBG - BBIBP-CorV,Bharat - Covaxin,Gamaleya - Gam-Covid-Vac,Gamaleya - Sputnik-Light,Janssen - Ad26.COV 2-S,Julphar - Hayat-Vax,Moderna - Spikevax,Novavax-NUVAXOVID,Pfizer BioNTech - Comirnaty,Sinovac - CoronaVac",01/03/2021,11,14251950,13.006
Pitcairn Islands,PCN,WPRO,REPORTING,05/06/2022,106,46,212,92,37,74,AstraZeneca - Vaxzevria,17/05/2021,1,23,46
Poland,POL,EURO,REPORTING,29/05/2022,54551867,22817068,143.7,60.111,22518979,59.326,"AstraZeneca - Vaxzevria,Janssen - Ad26.COV 2-S,Moderna - Spikevax,Novavax-NUVAXOVID,Pfizer BioNTech - Comirnaty",23/12/2020,5,12035241,31.707
Portugal,PRT,EURO,REPORTING,29/05/2022,24105499,9716547,234.1,94.464,8866231,86.114,"AstraZeneca - Vaxzevria,Beijing CNBG - BBIBP-CorV,Bharat - Covaxin,Janssen - Ad26.COV 2-S,Moderna - Spikevax,Novavax-NUVAXOVID,Pfizer BioNTech - Comirnaty,Sinovac - CoronaVac",23/12/2020,8,6506354,63.194
Puerto Rico,PRI,AMRO,REPORTING,03/06/2022,7286265,3052719,254.689,106.707,2664504,93.137,"Janssen - Ad26.COV 2-S,Moderna - Spikevax,Pfizer BioNTech - Comirnaty",,3,1571568,54.934
Qatar,QAT,EMRO,REPORTING,01/06/2022,6890950,2632575,239.182,91.375,2632575,91.375,"AstraZeneca - Vaxzevria,Beijing CNBG - BBIBP-CorV,Bharat - Covaxin,CanSino - Convidecia,Gamaleya - Gam-Covid-Vac,Gamaleya - Sputnik-Light,Janssen - Ad26.COV 2-S,Moderna - Spikevax,Pfizer BioNTech - Comirnaty,Sinovac - CoronaVac",,10,1625800,56.431
Republic of Korea,KOR,WPRO,REPORTING,05/06/2022,126333492,44971813,246.412,87.717,44505965,86.808,"AstraZeneca - Vaxzevria,Janssen - Ad26.COV 2-S,Moderna - Spikevax,Novavax-NUVAXOVID,Pfizer BioNTech - Comirnaty",26/02/2021,5,34292036,66.886
Republic of Moldova,MDA,EURO,REPORTING,29/05/2022,2191590,1093903,54.3,27.117,1063602,26.366,"AstraZeneca - Vaxzevria,Beijing CNBG - BBIBP-CorV,Gamaleya - Gam-Covid-Vac,Janssen - Ad26.COV 2-S,Moderna - Spikevax,Pfizer BioNTech - Comirnaty,Sinovac - CoronaVac",03/03/2021,7,335506,8.317
Romania,ROU,EURO,REPORTING,29/05/2022,16025055,8173453,82.9,42.286,8120581,42.013,"AstraZeneca - Vaxzevria,Janssen - Ad26.COV 2-S,Moderna - Spikevax,Pfizer BioNTech - Comirnaty",27/01/2021,4,1741005,9.007
Russian Federation,RUS,EURO,OWID,04/06/2022,166830060,81031567,114.3,55.526,73682537,50.49,"SRCVB - EpiVacCorona, Gamaleya - Sputnik V",,2,,
Rwanda,RWA,AFRO,REPORTING,05/06/2022,22214312,9061143,171.51,69.958,8527099,65.835,"Beijing CNBG - BBIBP-CorV,Gamaleya - Gam-Covid-Vac,Janssen - Ad26.COV 2-S,Moderna - Spikevax,Pfizer BioNTech - Comirnaty,SII - Covishield,Sinovac - CoronaVac",05/03/2021,7,4626070,35.716
Saba,XCA,AMRO,REPORTING,03/06/2022,4270,1594,220.9,82.462,1577,81.583,,,,1099,56.855
Saint Helena,SHN,AFRO,OWID,05/05/2021,7892,4361,129.995,71.833,3531,58.162,AstraZeneca - AZD1222,,1,,
Saint Kitts and Nevis,KNA,AMRO,REPORTING,03/06/2022,58697,28540,110.349,53.655,26750,50.29,"AstraZeneca - Vaxzevria,Pfizer BioNTech - Comirnaty,SII - Covishield",22/02/2021,3,3407,6.405
Saint Lucia,LCA,AMRO,REPORTING,03/06/2022,120873,59353,65.825,32.323,54032,29.425,"AstraZeneca - Vaxzevria,Janssen - Ad26.COV 2-S,Moderna - Spikevax,Pfizer BioNTech - Comirnaty,SII - Covishield",17/02/2021,5,7488,4.078
Saint Vincent and the Grenadines,VCT,AMRO,REPORTING,03/06/2022,71018,36580,64.015,32.973,30661,27.637,"AstraZeneca - Vaxzevria,Gamaleya - Gam-Covid-Vac,Gamaleya - Sputnik-Light,Pfizer BioNTech - Comirnaty,SII - Covishield",01/02/2021,5,3777,3.405
Samoa,WSM,WPRO,REPORTING,05/06/2022,438313,190053,220.908,95.786,173378,87.382,"AstraZeneca - Vaxzevria,Pfizer BioNTech - Comirnaty",18/04/2021,2,74882,37.74
San Marino,SMR,EURO,REPORTING,22/05/2022,69338,26357,204.3,76.501,23633,68.595,"Gamaleya - Gam-Covid-Vac,Pfizer BioNTech - Comirnaty",24/02/2021,2,19348,56.158
Sao Tome and Principe,STP,AFRO,REPORTING,05/06/2022,214560,123088,97.902,56.164,91836,41.904,"AstraZeneca - Vaxzevria,SII - Covishield",15/03/2021,2,17869,8.153
Saudi Arabia,SAU,EMRO,REPORTING,01/06/2022,65837671,26599329,189.113,76.404,24960145,71.696,"AstraZeneca - Vaxzevria,Beijing CNBG - BBIBP-CorV,Bharat - Covaxin,CanSino - Convidecia,Gamaleya - Gam-Covid-Vac,Gamaleya - Sputnik-Light,Janssen - Ad26.COV 2-S,Moderna - Spikevax,Pfizer BioNTech - Comirnaty,Sinovac - CoronaVac",06/01/2021,10,14278197,41.013
Senegal,SEN,AFRO,REPORTING,05/06/2022,2523856,1883218,15.073,11.247,1051041,6.277,"Beijing CNBG - BBIBP-CorV,Janssen - Ad26.COV 2-S,SII - Covishield",23/02/2021,3,7027,0.042
Serbia,SRB,EURO,REPORTING,27/03/2022,6696502,3386883,96.7,48.896,3309619,47.781,"AstraZeneca - Vaxzevria,Beijing CNBG - BBIBP-CorV,Gamaleya - Gam-Covid-Vac,Moderna - Spikevax,Pfizer BioNTech - Comirnaty",23/12/2020,5,0,0
Seychelles,SYC,AFRO,REPORTING,05/06/2022,221597,84886,225.322,86.313,80700,82.056,"Beijing CNBG - BBIBP-CorV,Gamaleya - Gam-Covid-Vac,Julphar - Hayat-Vax,SII - Covishield",10/01/2021,4,40188,40.863
Sierra Leone,SLE,AFRO,REPORTING,05/06/2022,2930408,2383636,36.736,29.881,1659093,20.799,"Beijing CNBG - BBIBP-CorV,SII - Covishield",15/03/2021,2,6974,0.087
Singapore,SGP,WPRO,REPORTING,05/06/2022,14088862,5015471,240.821,85.73,4987927,85.259,"AstraZeneca - Vaxzevria,Beijing CNBG - BBIBP-CorV,Moderna - Spikevax,Pfizer BioNTech - Comirnaty",30/12/2020,4,4085464,69.833
Sint Eustatius,XBA,AMRO,REPORTING,03/06/2022,4325,1791,137.783,57.056,1686,53.711,,,,848,27.015
Sint Maarten,SXM,AMRO,REPORTING,03/06/2022,64539,29164,150.504,68.01,26237,61.184,"AstraZeneca - Vaxzevria,Moderna - Spikevax,Pfizer BioNTech - Comirnaty",22/02/2021,3,9138,21.31
Slovakia,SVK,EURO,REPORTING,29/05/2022,7075947,2821839,129.6,51.702,2771739,50.784,"AstraZeneca - Vaxzevria,Gamaleya - Gam-Covid-Vac,Janssen - Ad26.COV 2-S,Moderna - Spikevax,Novavax-NUVAXOVID,Pfizer BioNTech - Comirnaty",06/01/2021,6,1650831,30.247
Slovenia,SVN,EURO,REPORTING,29/05/2022,2957844,1237811,141.1,59.06,1206827,57.581,"AstraZeneca - Vaxzevria,Janssen - Ad26.COV 2-S,Moderna - Spikevax,Novavax-NUVAXOVID,Pfizer BioNTech - Comirnaty",23/12/2020,5,649138,30.972
Solomon Islands,SLB,WPRO,REPORTING,05/06/2022,451057,275560,65.667,40.117,172833,25.162,"AstraZeneca - Vaxzevria,Beijing CNBG - BBIBP-CorV,Pfizer BioNTech - Comirnaty,SII - Covishield",23/03/2021,4,3956,0.576
Somalia,SOM,EMRO,REPORTING,05/06/2022,3724063,2298052,23.432,14.459,1426011,8.972,"AstraZeneca - Vaxzevria,Beijing CNBG - BBIBP-CorV,Bharat - Covaxin,CanSino - Convidecia,Gamaleya - Gam-Covid-Vac,Gamaleya - Sputnik-Light,Janssen - Ad26.COV 2-S,Moderna - Spikevax,Pfizer BioNTech - Comirnaty,SII - Covishield,Sinovac - CoronaVac",16/03/2021,11,,
South Africa,ZAF,AFRO,REPORTING,05/06/2022,36240713,23019199,61.105,38.813,20040729,33.791,"Janssen - Ad26.COV 2-S,Pfizer BioNTech - Comirnaty",17/02/2021,2,3245291,5.472
South Sudan,SSD,AFRO,REPORTING,05/06/2022,1059464,1009259,9.465,9.016,967199,8.641,"Janssen - Ad26.COV 2-S,SII - Covishield",06/04/2021,2,,
Spain,ESP,EURO,REPORTING,29/05/2022,101671001,41212271,214.8,87.07,37367206,78.946,"AstraZeneca - Vaxzevria,Janssen - Ad26.COV 2-S,Moderna - Spikevax,Pfizer BioNTech - Comirnaty",30/12/2020,4,25072132,52.97
Sri Lanka,LKA,SEARO,REPORTING,07/06/2022,39576548,17072957,184.823,79.731,14516137,67.79,"AstraZeneca - Vaxzevria,Beijing CNBG - BBIBP-CorV,Gamaleya - Gam-Covid-Vac,Moderna - Spikevax,Pfizer BioNTech - Comirnaty,SII - Covishield",29/01/2021,6,7987454,37.301
Sudan,SDN,EMRO,REPORTING,05/06/2022,9710092,5929766,22.144,13.523,3742065,8.534,"AstraZeneca - Vaxzevria,Beijing CNBG - BBIBP-CorV,Bharat - Covaxin,CanSino - Convidecia,Gamaleya - Gam-Covid-Vac,Gamaleya - Sputnik-Light,Janssen - Ad26.COV 2-S,Moderna - Spikevax,Pfizer BioNTech - Comirnaty,SII - Covishield,Sinovac - CoronaVac",09/03/2021,11,38261,0.087
Suriname,SUR,AMRO,REPORTING,03/06/2022,554588,267820,94.538,45.654,237879,40.55,"AstraZeneca - Vaxzevria,Beijing CNBG - BBIBP-CorV,Moderna - Spikevax,Pfizer BioNTech - Comirnaty,SII - Covishield",23/02/2021,5,48889,8.334
Sweden,SWE,EURO,REPORTING,29/05/2022,21818451,7555967,211.3,73.163,7390018,71.556,"AstraZeneca - Vaxzevria,Moderna - Spikevax,Novavax-NUVAXOVID,Pfizer BioNTech - Comirnaty,Unknown Vaccine",23/12/2020,5,5402036,52.307
Switzerland,CHE,EURO,REPORTING,22/05/2022,15535912,6083847,179.5,70.693,5705105,66.292,"Janssen - Ad26.COV 2-S,Moderna - Spikevax,Pfizer BioNTech - Comirnaty",23/12/2020,3,3805531,44.219
Syrian Arab Republic,SYR,EMRO,REPORTING,29/05/2022,3870173,2544641,22.114,14.54,1633948,9.336,"AstraZeneca - Vaxzevria,Beijing CNBG - BBIBP-CorV,Bharat - Covaxin,CanSino - Convidecia,Gamaleya - Gam-Covid-Vac,Gamaleya - Sputnik-Light,Janssen - Ad26.COV 2-S,Moderna - Spikevax,Pfizer BioNTech - Comirnaty,SII - Covishield,Sinovac - CoronaVac",01/04/2021,11,21460,0.123
Tajikistan,TJK,EURO,REPORTING,08/05/2022,12504152,5189877,131.1,54.415,4976770,52.18,"AstraZeneca - Vaxzevria,Gamaleya - Gam-Covid-Vac,Moderna - Spikevax,Pfizer BioNTech - Comirnaty,SII - Covishield,Sinovac - CoronaVac",24/03/2021,6,2337505,24.508
Thailand,THA,SEARO,REPORTING,06/06/2022,137385704,56554618,196.828,81.024,52577760,75.326,"AstraZeneca - Vaxzevria,Beijing CNBG - BBIBP-CorV,Janssen - Ad26.COV 2-S,Moderna - Spikevax,Pfizer BioNTech - Comirnaty,SII - Covishield,SII - Covovax,Sinovac - CoronaVac",28/02/2021,8,28253326,40.478
The United Kingdom,GBR,EURO,REPORTING,31/05/2022,143183637,53472488,210.9,78.567,49986833,73.445,"AstraZeneca - Vaxzevria,Moderna - Spikevax,Pfizer BioNTech - Comirnaty",21/12/2020,3,,
Timor-Leste,TLS,SEARO,REPORTING,07/06/2022,1599092,812337,121.286,61.613,682953,51.8,"AstraZeneca - Vaxzevria,Pfizer BioNTech - Comirnaty,SII - Covishield,Sinovac - CoronaVac",07/04/2021,4,103802,7.873
Togo,TGO,AFRO,REPORTING,05/06/2022,3290821,2092750,39.75,25.279,1557538,18.814,SII - Covishield,10/03/2021,1,87104,1.052
Tokelau,TKL,WPRO,REPORTING,05/06/2022,3538,1339,262.074,99.185,1337,99.037,Pfizer BioNTech - Comirnaty,20/07/2021,1,862,63.852
Tonga,TON,WPRO,REPORTING,05/06/2022,261560,104624,247.467,98.987,97151,91.916,"AstraZeneca - Vaxzevria,Pfizer BioNTech - Comirnaty",14/04/2021,2,59785,56.564
Trinidad and Tobago,TTO,AMRO,REPORTING,03/06/2022,1564019,749638,111.757,53.565,712605,50.919,"AstraZeneca - Vaxzevria,Beijing CNBG - BBIBP-CorV,Janssen - Ad26.COV 2-S,Pfizer BioNTech - Comirnaty,SII - Covishield",17/02/2021,5,158902,11.354
Tunisia,TUN,EMRO,REPORTING,05/06/2022,14856958,7229872,125.708,61.174,6372301,53.917,"AstraZeneca - Vaxzevria,Beijing CNBG - BBIBP-CorV,Bharat - Covaxin,CanSino - Convidecia,Gamaleya - Gam-Covid-Vac,Gamaleya - Sputnik-Light,Janssen - Ad26.COV 2-S,Moderna - Spikevax,Pfizer BioNTech - Comirnaty,Sinovac - CoronaVac",13/03/2021,10,1254785,10.617
Turkey,TUR,EURO,OWID,31/05/2022,147720907,57841876,175.2,69.559,53064752,63.814,"Pfizer BioNTech - Comirnaty, Sinovac - CoronaVac, Turkovac",,3,,
Turkmenistan,TKM,EURO,REPORTING,06/03/2022,7140000,2970000,118.4,49.244,2920000,48.415,"Anhui ZL - Zifivax,AstraZeneca - Vaxzevria,Beijing CNBG - BBIBP-CorV,Gamaleya - Gam-Covid-Vac,RIBSP - QazVac,SRCVB - EpiVacCorona,Unknown Vaccine",24/02/2021,7,1250000,20.726
Turks and Caicos Islands,TCA,AMRO,REPORTING,03/06/2022,69465,31807,179.413,82.15,29807,76.985,Pfizer BioNTech - Comirnaty,11/01/2021,1,7851,20.277
Tuvalu,TUV,WPRO,REPORTING,05/06/2022,12528,6368,106.242,54.003,6160,52.239,AstraZeneca - Vaxzevria,13/04/2021,1,,
Uganda,UGA,AFRO,REPORTING,05/06/2022,21268120,15896844,46.497,34.754,10790397,23.59,"Janssen - Ad26.COV 2-S,Moderna - Spikevax,Pfizer BioNTech - Comirnaty,SII - Covishield,Sinovac - CoronaVac",10/03/2021,5,74990,0.164
Ukraine,UKR,EURO,REPORTING,27/02/2022,31668577,15774300,72.4,36.069,15153577,34.65,"AstraZeneca - Vaxzevria,Janssen - Ad26.COV 2-S,Moderna - Spikevax,Pfizer BioNTech - Comirnaty,SII - Covishield,Sinovac - CoronaVac",24/02/2021,6,741197,1.695
United Arab Emirates,ARE,EMRO,REPORTING,31/05/2022,24909327,9991089,251.854,101.018,9792266,99.008,"AstraZeneca - Vaxzevria,Beijing CNBG - BBIBP-CorV,Bharat - Covaxin,CanSino - Convidecia,Gamaleya - Gam-Covid-Vac,Gamaleya - Sputnik-Light,Janssen - Ad26.COV 2-S,Moderna - Spikevax,Pfizer BioNTech - Comirnaty,SII - Covishield,Sinovac - CoronaVac",,11,5125972,51.828
United Republic of Tanzania,TZA,AFRO,REPORTING,05/06/2022,7967468,6483895,13.338,10.855,3915900,6.556,"Beijing CNBG - BBIBP-CorV,Janssen - Ad26.COV 2-S,Pfizer BioNTech - Comirnaty",28/07/2021,3,,
United States of America,USA,AMRO,REPORTING,03/06/2022,579958258,261785425,175.213,79.089,218761222,66.09,"Janssen - Ad26.COV 2-S,Moderna - Spikevax,Pfizer BioNTech - Comirnaty",14/12/2020,3,101929146,30.794
Uruguay,URY,AMRO,REPORTING,03/06/2022,8438481,2992929,242.923,86.159,2877976,82.85,"AstraZeneca - Vaxzevria,Pfizer BioNTech - Comirnaty,Sinovac - CoronaVac",27/02/2021,3,2033549,58.541
Uzbekistan,UZB,EURO,REPORTING,29/05/2022,52392744,19463364,156.5,58.153,15232341,45.512,"Anhui ZL - Zifivax,Gamaleya - Gam-Covid-Vac,Gamaleya - Sputnik-Light,Moderna - Spikevax,Pfizer BioNTech - Comirnaty,SII - Covishield,Sinovac - CoronaVac",28/04/2021,7,7592571,22.685
Vanuatu,VUT,WPRO,REPORTING,05/06/2022,242178,132941,78.848,43.283,118158,38.47,"AstraZeneca - Vaxzevria,Beijing CNBG - BBIBP-CorV,Janssen - Ad26.COV 2-S",02/06/2021,3,10610,3.454
Venezuela (Bolivarian Republic of),VEN,AMRO,REPORTING,03/06/2022,37860994,22157232,133.145,77.92,14287370,50.244,"Beijing CNBG - BBIBP-CorV,CIGB - CIGB-66,Finlay - Soberana-02,Gamaleya - Gam-Covid-Vac,Gamaleya - Sputnik-Light,Sinovac - CoronaVac",22/02/2021,6,651502,2.291
Viet Nam,VNM,WPRO,REPORTING,05/06/2022,221658034,84545834,227.719,86.857,77824176,79.952,"AstraZeneca - Vaxzevria,Beijing CNBG - BBIBP-CorV,CIGB - CIGB-66,Gamaleya - Gam-Covid-Vac,Moderna - Spikevax,Pfizer BioNTech - Comirnaty",08/03/2021,6,57468330,59.04
Wallis and Futuna,WLF,WPRO,REPORTING,05/06/2022,16426,6592,146.061,58.616,6633,58.981,Moderna - Spikevax,19/03/2021,1,3201,28.463
Yemen,YEM,EMRO,REPORTING,25/05/2022,838621,672794,2.812,2.256,429721,1.441,"AstraZeneca - Vaxzevria,Beijing CNBG - BBIBP-CorV,Bharat - Covaxin,CanSino - Convidecia,Gamaleya - Gam-Covid-Vac,Gamaleya - Sputnik-Light,Janssen - Ad26.COV 2-S,Moderna - Spikevax,Pfizer BioNTech - Comirnaty,SII - Covishield,Sinovac - CoronaVac",20/04/2021,11,,
Zambia,ZMB,AFRO,REPORTING,05/06/2022,3750417,4656681,20.4,25.33,2935333,15.967,"Beijing CNBG - BBIBP-CorV,Janssen - Ad26.COV 2-S,SII - Covishield",14/04/2021,3,95513,0.52
Zimbabwe,ZWE,AFRO,REPORTING,05/06/2022,10796053,6236512,72.637,41.96,4559541,30.677,"Beijing CNBG - BBIBP-CorV,Bharat - Covaxin,Gamaleya - Gam-Covid-Vac,Sinovac - CoronaVac",18/02/2021,4,829558,5.581
